source,target,type,weight
90shiphop,chillmusic,Undirected,7
90shiphop,chillstep,Undirected,1
90shiphop,dnb,Undirected,1
90shiphop,electroswing,Undirected,2
90shiphop,funk,Undirected,2
90shiphop,hardcore,Undirected,1
90shiphop,hiphopheads,Undirected,4
90shiphop,popheads,Undirected,1
90shiphop,rap,Undirected,33
90shiphop,triphop,Undirected,2
90shiphop,tropicalhouse,Undirected,7
alternativerock,ambientmusic,Undirected,1
alternativerock,blues,Undirected,4
alternativerock,chillmusic,Undirected,21
alternativerock,chillstep,Undirected,4
alternativerock,classicrock,Undirected,5
alternativerock,deathmetal,Undirected,1
alternativerock,djent,Undirected,1
alternativerock,dnb,Undirected,1
alternativerock,doommetal,Undirected,2
alternativerock,dubstep,Undirected,8
alternativerock,electrohouse,Undirected,4
alternativerock,electronicmusic,Undirected,3
alternativerock,folk,Undirected,4
alternativerock,funk,Undirected,2
alternativerock,hardcore,Undirected,3
alternativerock,hardstyle,Undirected,2
alternativerock,indie_rock,Undirected,69
alternativerock,indiefolk,Undirected,13
alternativerock,indieheads,Undirected,13
alternativerock,melodichardcore,Undirected,2
alternativerock,metal,Undirected,1
alternativerock,modernrockmusic,Undirected,37
alternativerock,popheads,Undirected,10
alternativerock,poppunkers,Undirected,13
alternativerock,posthardcore,Undirected,11
alternativerock,powermetal,Undirected,1
alternativerock,progmetal,Undirected,6
alternativerock,progrockmusic,Undirected,6
alternativerock,psychedelicrock,Undirected,12
alternativerock,punk,Undirected,7
alternativerock,reggae,Undirected,3
alternativerock,seashanties,Undirected,2
alternativerock,ska,Undirected,2
alternativerock,sludge,Undirected,1
alternativerock,stonermetal,Undirected,4
alternativerock,swinghouse,Undirected,1
alternativerock,techno,Undirected,2
alternativerock,trap,Undirected,1
alternativerock,triphop,Undirected,6
alternativerock,tropicalhouse,Undirected,13
ambientmusic,chillmusic,Undirected,18
ambientmusic,chillstep,Undirected,6
ambientmusic,classicrock,Undirected,1
ambientmusic,dnb,Undirected,2
ambientmusic,doommetal,Undirected,1
ambientmusic,dubstep,Undirected,1
ambientmusic,electronicmusic,Undirected,9
ambientmusic,funk,Undirected,1
ambientmusic,hiphopheads,Undirected,1
ambientmusic,indie_rock,Undirected,3
ambientmusic,indieheads,Undirected,4
ambientmusic,jazz,Undirected,1
ambientmusic,metal,Undirected,1
ambientmusic,modernrockmusic,Undirected,1
ambientmusic,popheads,Undirected,1
ambientmusic,postrock,Undirected,7
ambientmusic,progrockmusic,Undirected,2
ambientmusic,psybient,Undirected,14
ambientmusic,psychedelicrock,Undirected,1
ambientmusic,punk,Undirected,1
ambientmusic,stonermetal,Undirected,1
ambientmusic,techno,Undirected,5
ambientmusic,trap,Undirected,1
ambientmusic,triphop,Undirected,12
ambientmusic,tropicalhouse,Undirected,1
blackmetal,blues,Undirected,1
blackmetal,chillstep,Undirected,1
blackmetal,deathmetal,Undirected,7
blackmetal,dnb,Undirected,1
blackmetal,edm,Undirected,1
blackmetal,electroswing,Undirected,1
blackmetal,hardcore,Undirected,1
blackmetal,indieheads,Undirected,1
blackmetal,metal,Undirected,2
blackmetal,popheads,Undirected,1
blackmetal,postmetal,Undirected,6
blackmetal,postrock,Undirected,1
blackmetal,powermetal,Undirected,1
blackmetal,progmetal,Undirected,1
blackmetal,ska,Undirected,1
blackmetal,sludge,Undirected,1
blackmetal,stonermetal,Undirected,2
blackmetal,techno,Undirected,1
blackmetal,trap,Undirected,1
blackmetal,triphop,Undirected,1
blues,chillmusic,Undirected,1
blues,classicrock,Undirected,18
blues,country,Undirected,4
blues,dnb,Undirected,1
blues,doommetal,Undirected,2
blues,edm,Undirected,1
blues,electroswing,Undirected,1
blues,folk,Undirected,8
blues,funk,Undirected,3
blues,hiphopheads,Undirected,1
blues,indie_rock,Undirected,2
blues,indiefolk,Undirected,2
blues,jazz,Undirected,1
blues,modernrockmusic,Undirected,3
blues,popheads,Undirected,2
blues,powermetal,Undirected,1
blues,progmetal,Undirected,1
blues,progrockmusic,Undirected,1
blues,psychedelicrock,Undirected,11
blues,rap,Undirected,1
blues,ska,Undirected,2
blues,stonermetal,Undirected,2
blues,techno,Undirected,1
blues,trap,Undirected,1
chillmusic,chillstep,Undirected,32
chillmusic,classicrock,Undirected,5
chillmusic,djent,Undirected,1
chillmusic,dnb,Undirected,8
chillmusic,doommetal,Undirected,2
chillmusic,dubstep,Undirected,14
chillmusic,edm,Undirected,7
chillmusic,electrohouse,Undirected,7
chillmusic,electronicmusic,Undirected,29
chillmusic,electroswing,Undirected,5
chillmusic,folk,Undirected,7
chillmusic,funk,Undirected,6
chillmusic,hardstyle,Undirected,1
chillmusic,hiphopheads,Undirected,9
chillmusic,indie_rock,Undirected,21
chillmusic,indiefolk,Undirected,11
chillmusic,indieheads,Undirected,19
chillmusic,jazz,Undirected,1
chillmusic,metal,Undirected,1
chillmusic,modernrockmusic,Undirected,6
chillmusic,popheads,Undirected,16
chillmusic,postmetal,Undirected,2
chillmusic,postrock,Undirected,7
chillmusic,progmetal,Undirected,5
chillmusic,progrockmusic,Undirected,3
chillmusic,psybient,Undirected,8
chillmusic,psychedelicrock,Undirected,11
chillmusic,rap,Undirected,10
chillmusic,reggae,Undirected,2
chillmusic,sludge,Undirected,1
chillmusic,stonermetal,Undirected,2
chillmusic,swinghouse,Undirected,3
chillmusic,techno,Undirected,5
chillmusic,trance,Undirected,5
chillmusic,trap,Undirected,9
chillmusic,triphop,Undirected,50
chillmusic,tropicalhouse,Undirected,11
chillstep,dnb,Undirected,4
chillstep,dubstep,Undirected,23
chillstep,edm,Undirected,12
chillstep,electrohouse,Undirected,15
chillstep,electronicmusic,Undirected,19
chillstep,electroswing,Undirected,1
chillstep,folk,Undirected,1
chillstep,funk,Undirected,1
chillstep,hardstyle,Undirected,5
chillstep,hiphopheads,Undirected,5
chillstep,indie_rock,Undirected,1
chillstep,indiefolk,Undirected,4
chillstep,indieheads,Undirected,1
chillstep,modernrockmusic,Undirected,1
chillstep,popheads,Undirected,15
chillstep,posthardcore,Undirected,1
chillstep,postrock,Undirected,1
chillstep,progrockmusic,Undirected,1
chillstep,psybient,Undirected,7
chillstep,rap,Undirected,4
chillstep,swinghouse,Undirected,1
chillstep,techno,Undirected,1
chillstep,trance,Undirected,9
chillstep,trap,Undirected,9
chillstep,triphop,Undirected,12
chillstep,tropicalhouse,Undirected,32
classicalmusic,dubstep,Undirected,1
classicrock,country,Undirected,2
classicrock,dnb,Undirected,2
classicrock,doommetal,Undirected,5
classicrock,folk,Undirected,7
classicrock,funk,Undirected,7
classicrock,hardcore,Undirected,1
classicrock,indie_rock,Undirected,1
classicrock,indieheads,Undirected,2
classicrock,jazz,Undirected,1
classicrock,metal,Undirected,2
classicrock,modernrockmusic,Undirected,2
classicrock,popheads,Undirected,1
classicrock,powermetal,Undirected,3
classicrock,progmetal,Undirected,4
classicrock,progrockmusic,Undirected,26
classicrock,psybient,Undirected,1
classicrock,psychedelicrock,Undirected,35
classicrock,punk,Undirected,1
classicrock,reggae,Undirected,1
classicrock,seashanties,Undirected,1
classicrock,ska,Undirected,2
classicrock,stonermetal,Undirected,1
classicrock,trance,Undirected,1
classicrock,tropicalhouse,Undirected,2
country,electroswing,Undirected,1
country,folk,Undirected,10
country,indiefolk,Undirected,2
country,popheads,Undirected,2
country,stonermetal,Undirected,1
deathcore,deathmetal,Undirected,6
deathcore,djent,Undirected,9
deathcore,metal,Undirected,1
deathcore,metalcore,Undirected,6
deathcore,modernrockmusic,Undirected,2
deathcore,progmetal,Undirected,4
deathmetal,djent,Undirected,1
deathmetal,dubstep,Undirected,1
deathmetal,metal,Undirected,15
deathmetal,postmetal,Undirected,1
deathmetal,powermetal,Undirected,1
deathmetal,progmetal,Undirected,5
deathmetal,progrockmusic,Undirected,1
deathmetal,punk,Undirected,1
deathmetal,sludge,Undirected,3
deathmetal,stonermetal,Undirected,1
djent,electroswing,Undirected,1
djent,metal,Undirected,2
djent,metalcore,Undirected,9
djent,modernrockmusic,Undirected,2
djent,postmetal,Undirected,1
djent,postrock,Undirected,1
djent,progmetal,Undirected,23
djent,swinghouse,Undirected,1
djent,triphop,Undirected,1
dnb,doommetal,Undirected,1
dnb,dubstep,Undirected,8
dnb,edm,Undirected,6
dnb,electrohouse,Undirected,5
dnb,electronicmusic,Undirected,8
dnb,electroswing,Undirected,2
dnb,funk,Undirected,2
dnb,hardcore,Undirected,1
dnb,hardstyle,Undirected,1
dnb,indie_rock,Undirected,1
dnb,indieheads,Undirected,2
dnb,metal,Undirected,1
dnb,popheads,Undirected,4
dnb,postmetal,Undirected,1
dnb,powermetal,Undirected,1
dnb,progrockmusic,Undirected,1
dnb,psychedelicrock,Undirected,1
dnb,punk,Undirected,1
dnb,rap,Undirected,2
dnb,reggae,Undirected,1
dnb,ska,Undirected,1
dnb,stonermetal,Undirected,1
dnb,techno,Undirected,2
dnb,trance,Undirected,2
dnb,trap,Undirected,2
dnb,triphop,Undirected,4
dnb,tropicalhouse,Undirected,5
doommetal,hardcore,Undirected,1
doommetal,hiphopheads,Undirected,1
doommetal,indie_rock,Undirected,1
doommetal,indieheads,Undirected,2
doommetal,metal,Undirected,12
doommetal,modernrockmusic,Undirected,2
doommetal,postmetal,Undirected,12
doommetal,postrock,Undirected,4
doommetal,progmetal,Undirected,3
doommetal,progrockmusic,Undirected,4
doommetal,psychedelicrock,Undirected,12
doommetal,sludge,Undirected,40
doommetal,stonermetal,Undirected,42
doommetal,tropicalhouse,Undirected,1
dubstep,edm,Undirected,9
dubstep,electrohouse,Undirected,14
dubstep,electronicmusic,Undirected,13
dubstep,electroswing,Undirected,4
dubstep,funk,Undirected,1
dubstep,hardstyle,Undirected,4
dubstep,hiphopheads,Undirected,1
dubstep,indie_rock,Undirected,3
dubstep,indieheads,Undirected,1
dubstep,metal,Undirected,1
dubstep,modernrockmusic,Undirected,3
dubstep,popheads,Undirected,10
dubstep,postrock,Undirected,1
dubstep,powermetal,Undirected,1
dubstep,psybient,Undirected,3
dubstep,rap,Undirected,2
dubstep,reggae,Undirected,1
dubstep,swinghouse,Undirected,3
dubstep,trance,Undirected,5
dubstep,trap,Undirected,6
dubstep,triphop,Undirected,6
dubstep,tropicalhouse,Undirected,7
edm,electrohouse,Undirected,12
edm,electronicmusic,Undirected,17
edm,electroswing,Undirected,1
edm,funk,Undirected,1
edm,hardstyle,Undirected,4
edm,hiphopheads,Undirected,1
edm,popheads,Undirected,9
edm,powermetal,Undirected,1
edm,reggae,Undirected,1
edm,ska,Undirected,1
edm,stonermetal,Undirected,1
edm,techno,Undirected,1
edm,trance,Undirected,3
edm,trap,Undirected,14
edm,tropicalhouse,Undirected,14
electrohouse,electronicmusic,Undirected,23
electrohouse,funk,Undirected,1
electrohouse,hardcore,Undirected,1
electrohouse,hardstyle,Undirected,2
electrohouse,hiphopheads,Undirected,1
electrohouse,indie_rock,Undirected,2
electrohouse,indieheads,Undirected,1
electrohouse,modernrockmusic,Undirected,1
electrohouse,popheads,Undirected,10
electrohouse,progrockmusic,Undirected,1
electrohouse,psybient,Undirected,1
electrohouse,psychedelicrock,Undirected,1
electrohouse,punk,Undirected,1
electrohouse,rap,Undirected,1
electrohouse,swinghouse,Undirected,2
electrohouse,trance,Undirected,4
electrohouse,trap,Undirected,6
electrohouse,triphop,Undirected,1
electrohouse,tropicalhouse,Undirected,14
electronicmusic,electroswing,Undirected,3
electronicmusic,funk,Undirected,3
electronicmusic,hardstyle,Undirected,2
electronicmusic,hiphopheads,Undirected,2
electronicmusic,indie_rock,Undirected,5
electronicmusic,indieheads,Undirected,7
electronicmusic,modernrockmusic,Undirected,1
electronicmusic,popheads,Undirected,8
electronicmusic,postrock,Undirected,1
electronicmusic,psybient,Undirected,5
electronicmusic,psychedelicrock,Undirected,2
electronicmusic,rap,Undirected,1
electronicmusic,reggae,Undirected,1
electronicmusic,swinghouse,Undirected,3
electronicmusic,techno,Undirected,5
electronicmusic,trance,Undirected,8
electronicmusic,trap,Undirected,13
electronicmusic,triphop,Undirected,17
electronicmusic,tropicalhouse,Undirected,13
electroswing,funk,Undirected,2
electroswing,hiphopheads,Undirected,1
electroswing,indie_rock,Undirected,1
electroswing,indieheads,Undirected,1
electroswing,jazz,Undirected,1
electroswing,popheads,Undirected,1
electroswing,postrock,Undirected,1
electroswing,powermetal,Undirected,1
electroswing,ska,Undirected,1
electroswing,stonermetal,Undirected,1
electroswing,swinghouse,Undirected,50
electroswing,techno,Undirected,1
electroswing,trap,Undirected,1
electroswing,triphop,Undirected,8
folk,indie_rock,Undirected,15
folk,indiefolk,Undirected,55
folk,indieheads,Undirected,5
folk,jazz,Undirected,1
folk,powermetal,Undirected,1
folk,psychedelicrock,Undirected,5
folk,punk,Undirected,3
folk,seashanties,Undirected,6
folk,tropicalhouse,Undirected,6
funk,hardcore,Undirected,1
funk,hiphopheads,Undirected,2
funk,indieheads,Undirected,4
funk,jazz,Undirected,6
funk,modernrockmusic,Undirected,1
funk,popheads,Undirected,1
funk,psychedelicrock,Undirected,7
funk,rap,Undirected,2
funk,sludge,Undirected,1
funk,techno,Undirected,1
funk,trap,Undirected,1
funk,triphop,Undirected,1
funk,tropicalhouse,Undirected,3
hardcore,indie_rock,Undirected,1
hardcore,melodichardcore,Undirected,21
hardcore,metal,Undirected,2
hardcore,metalcore,Undirected,1
hardcore,modernrockmusic,Undirected,3
hardcore,poppunkers,Undirected,1
hardcore,posthardcore,Undirected,4
hardcore,postmetal,Undirected,1
hardcore,punk,Undirected,10
hardcore,rap,Undirected,1
hardcore,reggae,Undirected,1
hardcore,sludge,Undirected,5
hardcore,stonermetal,Undirected,1
hardcore,tropicalhouse,Undirected,1
hardstyle,hiphopheads,Undirected,1
hardstyle,indiefolk,Undirected,1
hardstyle,metal,Undirected,1
hardstyle,modernrockmusic,Undirected,1
hardstyle,popheads,Undirected,3
hardstyle,progrockmusic,Undirected,1
hardstyle,trance,Undirected,2
hardstyle,tropicalhouse,Undirected,7
hiphopheads,indie_rock,Undirected,1
hiphopheads,indieheads,Undirected,2
hiphopheads,popheads,Undirected,10
hiphopheads,posthardcore,Undirected,1
hiphopheads,punk,Undirected,1
hiphopheads,rap,Undirected,24
hiphopheads,trap,Undirected,11
hiphopheads,triphop,Undirected,3
hiphopheads,tropicalhouse,Undirected,7
indie_rock,indiefolk,Undirected,27
indie_rock,indieheads,Undirected,30
indie_rock,modernrockmusic,Undirected,11
indie_rock,popheads,Undirected,4
indie_rock,poppunkers,Undirected,6
indie_rock,posthardcore,Undirected,2
indie_rock,postrock,Undirected,4
indie_rock,powermetal,Undirected,1
indie_rock,progrockmusic,Undirected,1
indie_rock,psychedelicrock,Undirected,17
indie_rock,punk,Undirected,3
indie_rock,reggae,Undirected,1
indie_rock,seashanties,Undirected,2
indie_rock,techno,Undirected,1
indie_rock,triphop,Undirected,2
indie_rock,tropicalhouse,Undirected,2
indiefolk,indieheads,Undirected,10
indiefolk,modernrockmusic,Undirected,2
indiefolk,powermetal,Undirected,1
indiefolk,psychedelicrock,Undirected,1
indiefolk,seashanties,Undirected,3
indiefolk,tropicalhouse,Undirected,9
indieheads,jazz,Undirected,1
indieheads,modernrockmusic,Undirected,2
indieheads,popheads,Undirected,9
indieheads,poppunkers,Undirected,3
indieheads,posthardcore,Undirected,2
indieheads,postmetal,Undirected,1
indieheads,postrock,Undirected,3
indieheads,progrockmusic,Undirected,1
indieheads,psychedelicrock,Undirected,10
indieheads,rap,Undirected,1
indieheads,reggae,Undirected,1
indieheads,techno,Undirected,2
indieheads,triphop,Undirected,6
indieheads,tropicalhouse,Undirected,2
jazz,progrockmusic,Undirected,2
jazz,psychedelicrock,Undirected,4
melodichardcore,modernrockmusic,Undirected,4
melodichardcore,poppunkers,Undirected,1
melodichardcore,posthardcore,Undirected,3
melodichardcore,postmetal,Undirected,1
melodichardcore,punk,Undirected,1
melodichardcore,stonermetal,Undirected,1
metal,metalcore,Undirected,1
metal,modernrockmusic,Undirected,5
metal,postmetal,Undirected,2
metal,postrock,Undirected,1
metal,powermetal,Undirected,11
metal,progmetal,Undirected,12
metal,progrockmusic,Undirected,5
metal,psychedelicrock,Undirected,2
metal,punk,Undirected,2
metal,seashanties,Undirected,1
metal,sludge,Undirected,9
metal,stonermetal,Undirected,10
metal,trance,Undirected,1
metal,triphop,Undirected,1
metalcore,modernrockmusic,Undirected,19
metalcore,poppunkers,Undirected,1
metalcore,posthardcore,Undirected,6
metalcore,postmetal,Undirected,2
metalcore,progmetal,Undirected,3
metalcore,progrockmusic,Undirected,1
modernrockmusic,popheads,Undirected,2
modernrockmusic,poppunkers,Undirected,13
modernrockmusic,posthardcore,Undirected,16
modernrockmusic,postmetal,Undirected,1
modernrockmusic,progmetal,Undirected,8
modernrockmusic,progrockmusic,Undirected,6
modernrockmusic,psychedelicrock,Undirected,2
modernrockmusic,punk,Undirected,4
modernrockmusic,ska,Undirected,1
modernrockmusic,sludge,Undirected,1
modernrockmusic,stonermetal,Undirected,5
modernrockmusic,triphop,Undirected,3
modernrockmusic,tropicalhouse,Undirected,2
popheads,poppunkers,Undirected,5
popheads,posthardcore,Undirected,2
popheads,postrock,Undirected,1
popheads,powermetal,Undirected,1
popheads,psychedelicrock,Undirected,2
popheads,rap,Undirected,2
popheads,ska,Undirected,1
popheads,stonermetal,Undirected,1
popheads,techno,Undirected,1
popheads,trance,Undirected,2
popheads,trap,Undirected,11
popheads,triphop,Undirected,5
popheads,tropicalhouse,Undirected,24
poppunkers,posthardcore,Undirected,12
poppunkers,punk,Undirected,7
poppunkers,seashanties,Undirected,1
poppunkers,ska,Undirected,3
posthardcore,postmetal,Undirected,1
posthardcore,progmetal,Undirected,2
posthardcore,progrockmusic,Undirected,2
posthardcore,punk,Undirected,3
posthardcore,trap,Undirected,1
posthardcore,tropicalhouse,Undirected,1
postmetal,postrock,Undirected,17
postmetal,progmetal,Undirected,6
postmetal,punk,Undirected,1
postmetal,sludge,Undirected,25
postmetal,stonermetal,Undirected,8
postmetal,triphop,Undirected,1
postmetal,tropicalhouse,Undirected,1
postrock,progmetal,Undirected,3
postrock,punk,Undirected,1
postrock,sludge,Undirected,2
postrock,stonermetal,Undirected,1
postrock,triphop,Undirected,1
powermetal,progmetal,Undirected,3
powermetal,progrockmusic,Undirected,3
powermetal,seashanties,Undirected,1
powermetal,ska,Undirected,1
powermetal,stonermetal,Undirected,1
powermetal,techno,Undirected,1
powermetal,trap,Undirected,1
progmetal,progrockmusic,Undirected,19
progmetal,psychedelicrock,Undirected,4
progmetal,punk,Undirected,1
progmetal,sludge,Undirected,4
progmetal,stonermetal,Undirected,2
progmetal,swinghouse,Undirected,1
progmetal,triphop,Undirected,1
progrockmusic,psybient,Undirected,2
progrockmusic,psychedelicrock,Undirected,15
progrockmusic,sludge,Undirected,1
progrockmusic,stonermetal,Undirected,1
psybient,psychedelicrock,Undirected,1
psybient,swinghouse,Undirected,1
psybient,techno,Undirected,1
psybient,triphop,Undirected,5
psybient,tropicalhouse,Undirected,1
psychedelicrock,seashanties,Undirected,1
psychedelicrock,sludge,Undirected,3
psychedelicrock,stonermetal,Undirected,7
psychedelicrock,tropicalhouse,Undirected,2
punk,reggae,Undirected,1
punk,seashanties,Undirected,1
punk,ska,Undirected,8
punk,sludge,Undirected,1
rap,swinghouse,Undirected,1
rap,techno,Undirected,1
rap,trap,Undirected,3
rap,triphop,Undirected,2
rap,tropicalhouse,Undirected,7
reggae,ska,Undirected,5
reggae,trap,Undirected,1
reggae,tropicalhouse,Undirected,3
ska,stonermetal,Undirected,1
ska,techno,Undirected,1
ska,trap,Undirected,1
sludge,stonermetal,Undirected,40
stonermetal,techno,Undirected,1
stonermetal,trap,Undirected,1
swinghouse,triphop,Undirected,8
swinghouse,tropicalhouse,Undirected,1
techno,trance,Undirected,1
techno,trap,Undirected,2
techno,triphop,Undirected,3
techno,tropicalhouse,Undirected,1
trance,trap,Undirected,1
trance,triphop,Undirected,1
trance,tropicalhouse,Undirected,1
trap,tropicalhouse,Undirected,13
triphop,tropicalhouse,Undirected,1
